Genome,Scheme,ST,dnaA,gltX,rpoB,gyrB,gmk,adk
GCF_009831505.fna.gz,mhyorhinis,24,1,1,7,4,1,1
GCF_018791905.fna.gz,mhyorhinis,40,1,1,1,2,3,1
GCF_009831845.fna.gz,mhyorhinis,82,3,4,2,6,3,1
GCF_018791085.fna.gz,mhyorhinis,80,1,1,1,4,3,1
GCF_009831975.fna.gz,mhyorhinis,76,15,1,12,4,1,1
GCF_018792145.fna.gz,mhyorhinis,40,1,1,1,2,3,1
GCF_009832065.fna.gz,mhyorhinis,79,1,9,7,4,1,1
GCF_009831775.fna.gz,mhyorhinis,57,10,1,11,4,3,1
GCF_018791125.fna.gz,mhyorhinis,84,1,1,7,2,3,1
GCF_018791975.fna.gz,mhyorhinis,40,1,1,1,2,3,1
GCF_018792045.fna.gz,mhyorhinis,40,1,1,1,2,3,1
GCF_018792085.fna.gz,mhyorhinis,88,10,1,1,2,3,1
GCF_018792265.fna.gz,mhyorhinis,98,10,1,1,6,3,1
GCF_018791045.fna.gz,mhyorhinis,40,1,1,1,2,3,1
GCF_009831885.fna.gz,mhyorhinis,77,3,1,7,4,10,1
GCF_018791095.fna.gz,mhyorhinis,92,1,4,1,2,3,1
GCF_018791945.fna.gz,mhyorhinis,89,1,13,1,2,3,1
GCF_018791985.fna.gz,mhyorhinis,139,1,4,20,2,12,1
GCF_018792125.fna.gz,mhyorhinis,92,1,4,1,2,3,1
GCF_018791135.fna.gz,mhyorhinis,135,20,1,21,6,3,1
GCF_009831745.fna.gz,mhyorhinis,78,15,9,1,4,4,1
GCF_018791005.fna.gz,mhyorhinis,80,1,1,1,4,3,1
GCF_018792095.fna.gz,mhyorhinis,92,1,4,1,2,3,1
GCF_018792185.fna.gz,mhyorhinis,134,1,1,23,2,3,14
GCF_009831795.fna.gz,mhyorhinis,81,1,1,11,6,3,1
GCF_018791065.fna.gz,mhyorhinis,80,1,1,1,4,3,1
GCF_018792065.fna.gz,mhyorhinis,138,21,1,1,2,3,1
GCF_018792225.fna.gz,mhyorhinis,40,1,1,1,2,3,1
GCF_009832005.fna.gz,mhyorhinis,80,1,1,1,4,3,1
GCF_018792165.fna.gz,mhyorhinis,131,1,1,18,2,3,1
GCF_018792205.fna.gz,mhyorhinis,40,1,1,1,2,3,1
GCF_018792235.fna.gz,mhyorhinis,97,13,1,7,6,3,1
GCF_018792285.fna.gz,mhyorhinis,104,18,1,18,2,3,1
GCF_018792335.fna.gz,mhyorhinis,130,10,1,19,2,3,1
GCF_018792365.fna.gz,mhyorhinis,40,1,1,1,2,3,1
GCF_018792385.fna.gz,mhyorhinis,99,1,1,1,12,3,1
GCF_018792435.fna.gz,mhyorhinis,129,10,4,15,6,3,1
GCF_018792475.fna.gz,mhyorhinis,98,10,1,1,6,3,1
GCF_018792525.fna.gz,mhyorhinis,100,1,4,1,6,8,1
GCF_018792545.fna.gz,mhyorhinis,84,1,1,7,2,3,1
GCF_018792565.fna.gz,mhyorhinis,100,1,4,1,6,8,1
GCF_018792785.fna.gz,mhyorhinis,-,,,,,,
GCF_018792825.fna.gz,mhyorhinis,102,1,1,17,13,4,5
GCF_018792865.fna.gz,mhyorhinis,92,1,4,1,2,3,1
GCF_018792395.fna.gz,mhyorhinis,86,10,4,15,8,3,1
GCF_018792465.fna.gz,mhyorhinis,94,10,1,15,2,3,1
GCF_018792505.fna.gz,mhyorhinis,101,10,4,1,6,3,1
GCF_018792295.fna.gz,mhyorhinis,88,10,1,1,2,3,1
GCF_018792325.fna.gz,mhyorhinis,95,10,12,7,2,3,1
GCF_018792425.fna.gz,mhyorhinis,92,1,4,1,2,3,1
GCF_018792585.fna.gz,mhyorhinis,40,1,1,1,2,3,1
GCF_018792605.fna.gz,mhyorhinis,40,1,1,1,2,3,1
GCF_018792625.fna.gz,mhyorhinis,99,1,1,1,12,3,1
GCF_018792645.fna.gz,mhyorhinis,83,17,1,1,2,3,1
GCF_018792665.fna.gz,mhyorhinis,91,10,14,16,1,3,1
GCF_018792675.fna.gz,mhyorhinis,137,1,1,1,2,13,1
GCF_018792685.fna.gz,mhyorhinis,89,1,13,1,2,3,1
GCF_018792725.fna.gz,mhyorhinis,136,10,18,1,2,3,1
GCF_018792745.fna.gz,mhyorhinis,132,10,9,1,6,4,1
GCF_018792755.fna.gz,mhyorhinis,40,1,1,1,2,3,1
GCF_018792795.fna.gz,mhyorhinis,104,18,1,18,2,3,1
GCF_018792845.fna.gz,mhyorhinis,70,1,1,1,6,3,1
GCF_018792885.fna.gz,mhyorhinis,40,1,1,1,2,3,1
GCF_018792915.fna.gz,mhyorhinis,133,13,9,1,2,3,1
GCF_018792945.fna.gz,mhyorhinis,40,1,1,1,2,3,1
GCF_018792965.fna.gz,mhyorhinis,96,16,1,1,2,3,1
GCF_018793005.fna.gz,mhyorhinis,80,1,1,1,4,3,1
GCF_018793045.fna.gz,mhyorhinis,141,1,18,7,2,3,1
GCF_018793065.fna.gz,mhyorhinis,40,1,1,1,2,3,1
GCF_018793085.fna.gz,mhyorhinis,40,1,1,1,2,3,1
GCF_018793095.fna.gz,mhyorhinis,92,1,4,1,2,3,1
GCF_018793145.fna.gz,mhyorhinis,118,1,15,1,2,3,1
GCF_018793205.fna.gz,mhyorhinis,95,10,12,7,2,3,1
GCF_018793265.fna.gz,mhyorhinis,90,1,1,13,2,3,1
GCF_018792905.fna.gz,mhyorhinis,142,1,1,24,2,4,1
GCF_018793125.fna.gz,mhyorhinis,84,1,1,7,2,3,1
GCF_018793175.fna.gz,mhyorhinis,95,10,12,7,2,3,1
GCF_018793245.fna.gz,mhyorhinis,95,10,12,7,2,3,1
GCF_018793295.fna.gz,mhyorhinis,89,1,13,1,2,3,1
GCF_018792985.fna.gz,mhyorhinis,140,22,1,22,2,3,1
GCF_018793025.fna.gz,mhyorhinis,92,1,4,1,2,3,1
GCF_018793165.fna.gz,mhyorhinis,50,1,1,1,8,3,1
GCF_018793225.fna.gz,mhyorhinis,80,1,1,1,4,3,1
GCF_018793285.fna.gz,mhyorhinis,90,1,1,13,2,3,1
GCF_000145705.fna.gz,mhyorhinis,27,6,4,5,6,5,2
GCF_000211295.fna.gz,mhyorhinis,1,1,1,1,1,1,1
GCF_000241125.fna.gz,mhyorhinis,1,1,1,1,1,1,1
GCF_000313635.fna.gz,mhyorhinis,14,2,1,3,3,1,1
GCF_000383515.fna.gz,mhyorhinis,16,1,1,3,1,3,1
GCF_000496815.fna.gz,mhyorhinis,116,1,1,1,1,1,13
GCF_001705605.fna.gz,mhyorhinis,1,1,1,1,1,1,1
